<?xml version="1.0" encoding="utf-8"?>

<Defs>
	<ThingDef ParentName="AntiRealWeapons_BaseGun">
		<defName>MVCF_PC_multi_Rance</defName>
		<label>マルチランス</label>
		<description>[Tier1]適当に鹵獲してきたチャージランスの発射機構のほとんどを虚構エネルギーを用いたものに置き換えることにより、小型化及び高威力化に成功した銃器。\n\n余ったスペースにいろいろ詰め込みました。</description>

		<graphicData>
			<texPath>Things/Item/Equipment/WeaponRanged/ChargeRifle</texPath>
			<!-- -->
			<graphicClass>Graphic_Single</graphicClass>
		</graphicData>
		<equippedAngleOffset>-45</equippedAngleOffset>
		<soundInteract>Interact_ChargeRifle</soundInteract>

		<statBases>
			<WorkToMake>32000</WorkToMake>
			<Mass>3.2</Mass>
			<AccuracyTouch>0.55</AccuracyTouch>
			<AccuracyShort>0.98</AccuracyShort>
			<AccuracyMedium>0.95</AccuracyMedium>
			<AccuracyLong>0.91</AccuracyLong>
			<RangedWeapon_Cooldown>1.8</RangedWeapon_Cooldown>
		</statBases>
		<costList>
			<ComponentSpacer>4</ComponentSpacer>
			<Fiction_Core>1</Fiction_Core>
			<Gun_ChargeLance>1</Gun_ChargeLance>
		</costList>
		<verbs>
			<li>
				<verbClass>Verb_Shoot</verbClass>
				<hasStandardCommand>true</hasStandardCommand>
				<defaultProjectile>AR_Bullet_ChargeRifle</defaultProjectile>
				<warmupTime>1.0</warmupTime>
				<range>25.9</range>
				<ticksBetweenBurstShots>4</ticksBetweenBurstShots>
				<burstShotCount>2</burstShotCount>
				<soundCast>Shot_ChargeRifle</soundCast>
				<soundCastTail>GunTail_Medium</soundCastTail>
				<muzzleFlashScale>9</muzzleFlashScale>
				<label>マルチランス</label>
			</li>
			<li>
				<verbClass>Verb_Shoot</verbClass>
				<hasStandardCommand>true</hasStandardCommand>
				<defaultProjectile>AR_Bullet_ChargeLance</defaultProjectile>
				<warmupTime>1.7</warmupTime>
				<range>41</range>
				<soundCast>ChargeLance_Fire</soundCast>
				<soundCastTail>GunTail_Heavy</soundCastTail>
				<muzzleFlashScale>12</muzzleFlashScale>
				<label>狙撃</label>
			</li>
		</verbs>
		<comps Inherit="False">
			<li Class="MVCF.Comps.CompProperties_VerbProps">
				<compClass>CompEquippable</compClass>
				<verbProps>
					<li>
						<label>マルチランス</label>
						<canBeToggled>true</canBeToggled>
					</li>
					<li>
						<label>狙撃</label>
						<canBeToggled>true</canBeToggled>
					</li>
				</verbProps>
			</li>
		</comps>
	</ThingDef>
</Defs>