﻿<?xml version="1.0" encoding="utf-8"?>

<Defs>

	<ThingDef ParentName="AntiRealWeapons_BaseGun">
		<defName>PN_FireWorksMaker</defName>
		<label>PN-FireWorksMaker</label>
		<description>[Tier2]虚構エネルギーを直接的に利用する計画「PN計画」の試作品の一つ。\n虚構の炎を作り出し、対象を燃やす。一撃当たりの火力は低いが、高速で現実性喪失を蓄積させる。</description>
		<possessionCount>1</possessionCount>
		<graphicData>
			<texPath>Things/Item/Equipment/WeaponRanged/Revolver</texPath>
			<graphicClass>Graphic_Single</graphicClass>
		</graphicData>
		<uiIconScale>1.4</uiIconScale>
		<soundInteract>Interact_Revolver</soundInteract>

		<comps>
			<li Class="HE_AntiReality.CompProperties_HeatGun">
				<addOverLoadPerFire>0.5</addOverLoadPerFire>
				<addLostofRealityPerPLevel>5</addLostofRealityPerPLevel>
				<addLostofRealityPerPLevelAndhour>1.2</addLostofRealityPerPLevelAndhour>
			</li>
			<li Class="HE_AntiReality.CompProperties_OverLoad">
				<overloadLimit>25</overloadLimit>
				<overloadHealAmount>1</overloadHealAmount>
			</li>
		</comps>
		<statBases>
			<WorkToMake>24000</WorkToMake>
			<Mass>5.2</Mass>
			<AccuracyTouch>0.99</AccuracyTouch>
			<AccuracyShort>0.87</AccuracyShort>
			<AccuracyMedium>0.82</AccuracyMedium>
			<AccuracyLong>0.80</AccuracyLong>
			<RangedWeapon_Cooldown>1.6</RangedWeapon_Cooldown>
		</statBases>
		<equippedAngleOffset>-45</equippedAngleOffset>

		<costList>
			<ComponentIndustrial>12</ComponentIndustrial>
			<Plasteel>56</Plasteel>
			<Steel>100</Steel>
			<Fiction_Core>1</Fiction_Core>
		</costList>
		<recipeMaker>
			<displayPriority>400</displayPriority>
		</recipeMaker>
		<verbs>
			<li>
				<verbClass>Verb_Shoot</verbClass>
				<hasStandardCommand>true</hasStandardCommand>
				<defaultProjectile>PN_PEACEMAKER_B</defaultProjectile>
				<warmupTime>0.3</warmupTime>
				<range>25.9</range>
				<soundCast>Shot_Revolver</soundCast>
				<soundCastTail>GunTail_Light</soundCastTail>
				<muzzleFlashScale>9</muzzleFlashScale>
			</li>
		</verbs>
		<tools>
			<li>
				<label>grip</label>
				<capacities>
					<li>Blunt</li>
				</capacities>
				<power>9</power>
				<cooldownTime>2</cooldownTime>
			</li>
			<li>
				<label>barrel</label>
				<capacities>
					<li>Blunt</li>
					<li>Poke</li>
				</capacities>
				<power>9</power>
				<cooldownTime>2</cooldownTime>
			</li>
		</tools>
	</ThingDef>
</Defs>