<?xml version="1.0" encoding="utf-8" ?>
<Defs>
	<!-- インフィニティアンカー-->
	<HediffDef ParentName="AR_ImplantBase">
		<defName>AR_InfinityAnchor</defName>
		<label>インフィニティアンカー</label>
		<labelNoun>IF-Anchor</labelNoun>
		<description>[Tier4]このポーンの全機能は常に100%に保たれ、上げることも下げることもできない。また、実在性崩壊の影響から逃れられるようになる。</description>
		<descriptionHyperlinks>
			<ThingDef>AR_InfinityAnchor_Implant</ThingDef>
			<ThingDef>Fiction_Core</ThingDef>
		</descriptionHyperlinks>
		<defaultLabelColor>(0.25, 0.12, 0.38)</defaultLabelColor>
		<initialSeverity>0.01</initialSeverity>
		<hediffClass>Hediff_Implant</hediffClass>
		<comps>
			<li Class="HE_AntiReality.HediffCompProperties_GiveHediffs">
				<hediffs>
					<li>
						<hediffDef>AR_Resistance</hediffDef>
						<skipIfAlreadyExists>true</skipIfAlreadyExists>
					</li>
				</hediffs>
			</li>
			<li Class="HE_AntiReality.HediffCompProperties_DeleteAlreadyExistAnchors" />
			<li Class ="HE_AntiReality.HediffCompProperties_AddOverLoad">
				<addLimitAmount>10</addLimitAmount>
				<healAmount>1</healAmount>
			</li>
		</comps>
		<stages>
			<li>
				<partEfficiencyOffset>0.25</partEfficiencyOffset>
				<makeImmuneTo>
					<li>ExistanceFusion_wound</li>
					<li>LostOfReality</li>
				</makeImmuneTo>
				<statFactors>
					<PsychicSensitivity>0</PsychicSensitivity>
				</statFactors>
				<statOffsets>
				</statOffsets>
			</li>
		</stages>
		<tags>
			<li>Brain</li>
		</tags>
	</HediffDef>
	<ThingDef ParentName="BodyPartAntiRealityBase_M">
		<defName>AR_InfinityAnchor_Implant</defName>
		<label>インフィニティアンカー</label>
		<description>[Tier4]小さな釘の形をしたインプラント。フィクションコア25個、ウラン換算にして12,500個分のコストを要する。\nこれ自体は純粋なエネルギーの塊で、先進コンポーネントは成型のために使い捨てられる。\n脳に埋め込めばたちまち体内に吸収され、保持者を嘘のような存在にしてくれるだろう。\n注：このMODによって追加されたアンカーは、体内に同時に一つしか存在できない。</description>
		<descriptionHyperlinks>
			<RecipeDef>AR_InfinityAnchor_Recipe</RecipeDef>
		</descriptionHyperlinks>
		<costList>
			<Fiction_Core>25</Fiction_Core>
			<ComponentSpacer>3</ComponentSpacer>
		</costList>
		<statBases>
			<MarketValue>82000</MarketValue>
			<Mass>0.01</Mass>
		</statBases>

		<recipeMaker>
			<researchPrerequisite>Research_InfinityAnchor</researchPrerequisite>
		</recipeMaker>
	</ThingDef>
	<RecipeDef ParentName="AR_InstallImplants">
		<defName>AR_InfinityAnchor_Recipe</defName>
		<label>インフィニティアンカーを移植する</label>
		<description>インフィニティアンカーを移植する。\n埋め込む場所が厳密に指定されるため、高度な知識と技術が必要になる。</description>
		<descriptionHyperlinks>
			<ThingDef>AR_InfinityAnchor_Implant</ThingDef>
			<HediffDef>AR_InfinityAnchor</HediffDef>
		</descriptionHyperlinks>
		<jobString>インフィニティアンカーを移植している</jobString>
		<ingredients>
			<li>
				<filter>
					<thingDefs>
						<li>AR_InfinityAnchor_Implant</li>
					</thingDefs>
				</filter>
				<count>1</count>
			</li>
			<li>
				<filter>
					<categories>
						<li>Medicine</li>
					</categories>
				</filter>
				<count>3</count>
			</li>
		</ingredients>
		<fixedIngredientFilter>
			<thingDefs>
				<li>AR_InfinityAnchor_Implant</li>
			</thingDefs>
			<categories>
				<li>Medicine</li>
			</categories>
		</fixedIngredientFilter>

		<appliedOnFixedBodyParts>
			<li>Brain</li>
		</appliedOnFixedBodyParts>

		<addsHediff>AR_InfinityAnchor</addsHediff>

		<workAmount>4200</workAmount>

		<skillRequirements>
			<Medicine>12</Medicine>
		</skillRequirements>
	</RecipeDef>
	<RecipeDef>
		<defName>InfinityAnchorAdjustSeverity</defName>
		<label>ｲﾝﾌｨﾆﾃｨｱﾝｶｰの調整</label>
		<jobString>調整を行っている。</jobString>
		<descriptionHyperlinks>
			<HediffDef>AR_InfinityAnchor</HediffDef>
		</descriptionHyperlinks>
		<workerClass>HE_AntiReality.RecipeWorker_InfinityAdjustSeverity</workerClass>
		<anesthetize>true</anesthetize>
		<surgerySuccessChanceFactor>1.0</surgerySuccessChanceFactor>
		<ingredients>
			<li>
				<filter>
					<thingDefs>
						<li>Fiction_Core</li>
					</thingDefs>
				</filter>
				<count>1</count>
			</li>
			<li>
				<filter>
					<categories>
						<li>Medicine</li>
					</categories>
				</filter>
				<count>3</count>
			</li>
		</ingredients>
		<fixedIngredientFilter>
			<thingDefs>
				<li>Fiction_Core</li>
			</thingDefs>
			<categories>
				<li>Medicine</li>
			</categories>
		</fixedIngredientFilter>

		<workAmount>2200</workAmount>
		<skillRequirements>
			<Medicine>12</Medicine>
		</skillRequirements>
	</RecipeDef>
</Defs>