﻿<?xml version="1.0" encoding="utf-8" ?>
<Defs>
	<!-- MoltenHeart -->
	<HediffDef ParentName="AR_ImplantBase">
		<defName>AR_MoltenHeart</defName>
		<label>融解した心臓</label>
		<labelNoun>Molten-Heart</labelNoun>
		<description>[Tier4]虚構の意識を埋め込み、あらゆる人間を味方に引き込む。元から仲間の場合はムードボーナスがあり、精神崩壊しずらくなるが、洗脳状態のポーンは精神崩壊しやすくなり、大量のムードペナルティがある。</description>
		<descriptionHyperlinks>
			<ThingDef>AR_MoltenHeart_Implant</ThingDef>
		</descriptionHyperlinks>
		<defaultLabelColor>(0.25, 0.12, 0.38)</defaultLabelColor>
		<initialSeverity>0.000000001</initialSeverity>
		<maxSeverity>1</maxSeverity>
		<hediffClass>Hediff_Implant</hediffClass>
		<comps>
			<li Class="HE_AntiReality.HediffCompProperties_GiveHediffs">
				<hediffs>
					<li>
						<hediffDef>AR_Resistance</hediffDef>
						<skipIfAlreadyExists>true</skipIfAlreadyExists>
					</li>
				</hediffs>
			</li>
			<li Class="HE_AntiReality.HediffCompProperties_MoltenHeart" />
			<li Class="HE_AntiReality.HediffCompProperties_DeleteAlreadyExistAnchors" />
			<li Class ="HE_AntiReality.HediffCompProperties_AddOverLoad">
				<addLimitAmount>10</addLimitAmount>
				<healAmount>1</healAmount>
			</li>
		</comps>
		<stages>
			<li>
				<label>進行：初期</label>
				<partEfficiencyOffset>0.25</partEfficiencyOffset>
				<makeImmuneTo>
					<li>ExistanceFusion_wound</li>
				</makeImmuneTo>
				<statFactors>
				</statFactors>
				<statOffsets>
					<MentalBreakThreshold>0.1</MentalBreakThreshold>
				</statOffsets>
				<forgetMemoryThoughtMtbDays>0.1</forgetMemoryThoughtMtbDays>
				<pctConditionalThoughtsNullified>0.08</pctConditionalThoughtsNullified>
			</li>
			<li>
				<label>進行：中期</label>
				<minSeverity>0.33</minSeverity>
				<partEfficiencyOffset>0.25</partEfficiencyOffset>
				<makeImmuneTo>
					<li>ExistanceFusion_wound</li>
				</makeImmuneTo>
				<statFactors>
				</statFactors>
				<statOffsets>
					<MentalBreakThreshold>0.2</MentalBreakThreshold>
				</statOffsets>
				<forgetMemoryThoughtMtbDays>0.4</forgetMemoryThoughtMtbDays>
				<pctConditionalThoughtsNullified>0.2</pctConditionalThoughtsNullified>
			</li>
			<li>
				<label>進行：後期</label>
				<minSeverity>0.66</minSeverity>
				<partEfficiencyOffset>0.25</partEfficiencyOffset>
				<makeImmuneTo>
					<li>ExistanceFusion_wound</li>
				</makeImmuneTo>
				<statFactors>
				</statFactors>
				<statOffsets>
					<MentalBreakThreshold>0.4</MentalBreakThreshold>
				</statOffsets>
				<forgetMemoryThoughtMtbDays>0.8</forgetMemoryThoughtMtbDays>
				<pctConditionalThoughtsNullified>0.5</pctConditionalThoughtsNullified>
			</li>
			<li>
				<label>完了</label>
				<minSeverity>1</minSeverity>
				<partEfficiencyOffset>0.25</partEfficiencyOffset>
				<makeImmuneTo>
					<li>ExistanceFusion_wound</li>
				</makeImmuneTo>
				<statFactors>
				</statFactors>
				<statOffsets>
				</statOffsets>
			</li>
		</stages>
		<tags>
			<li>Brain</li>
		</tags>
	</HediffDef>

	<ThingDef ParentName="BodyPartAntiRealityBase_M">
		<defName>AR_MoltenHeart_Implant</defName>
		<label>融解した心臓</label>
		<description>[Tier4]脈打つ心臓。もとの心臓の代わりに移植する事で、その人間に偽の人格を形成する。
抵抗されてしまうが、最終的には定着する。
注：このMODによって追加されたアンカーは、体内に同時に一つしか存在できない。</description>
		<descriptionHyperlinks>
			<HediffDef>AR_MoltenHeart</HediffDef>
			<RecipeDef>AR_MoltenHeart_Recipe</RecipeDef>
		</descriptionHyperlinks>
		<costList>
			<Fiction_Core>10</Fiction_Core>
			<Heart>1</Heart>
		</costList>
		<statBases>
			<MarketValue>82000</MarketValue>
			<Mass>0.01</Mass>
		</statBases>

		<recipeMaker>
			<researchPrerequisite>Research_InfinityAnchor</researchPrerequisite>
		</recipeMaker>
	</ThingDef>

	<RecipeDef ParentName="AR_InstallImplants">
		<defName>AR_MoltenHeart_Recipe</defName>
		<label>融解した心臓を移植する</label>
		<description>融解した心臓を移植する。\n埋め込む場所が厳密に指定されるため、高度な知識と技術が必要になる。</description>
		<descriptionHyperlinks>
			<HediffDef>AR_MoltenHeart</HediffDef>
			<ThingDef>AR_MoltenHeart_Implant</ThingDef>
		</descriptionHyperlinks>
		<jobString>融解した心臓を移植している</jobString>
		<ingredients>
			<li>
				<filter>
					<thingDefs>
						<li>AR_MoltenHeart_Implant</li>
					</thingDefs>
				</filter>
				<count>1</count>
			</li>
			<li>
				<filter>
					<categories>
						<li>Medicine</li>
					</categories>
				</filter>
				<count>3</count>
			</li>
		</ingredients>
		<fixedIngredientFilter>
			<thingDefs>
				<li>AR_MoltenHeart_Implant</li>
			</thingDefs>
			<categories>
				<li>Medicine</li>
			</categories>
		</fixedIngredientFilter>

		<appliedOnFixedBodyParts>
			<li>Heart</li>
		</appliedOnFixedBodyParts>

		<addsHediff>AR_MoltenHeart</addsHediff>

		<workAmount>6000</workAmount>

		<skillRequirements>
			<Medicine>12</Medicine>
		</skillRequirements>
	</RecipeDef>
</Defs>
