﻿<?xml version="1.0" encoding="utf-8" ?>
<Defs>	
	<PipeSystem.PipeNetDef>
		<defName>AR_FictionPipeSystem</defName>
		<resource>
			<name>虚構エネルギー</name>
			<unit>fu</unit>
			<color>(0.25, 0.12, 0.38)</color>
			<offTexPath>Things/Resource/FictionsCore</offTexPath>
		</resource>
		<pipeDefs>
			<li>AR_FictionEnergyPipe</li>
		</pipeDefs>
		<designator>
			<deconstructIconPath>UI/Commands/FictionEnergyPipeDeconstruct_MenuIcon</deconstructIconPath>
			<designationCategoryDef>AR_PipeNetworks</designationCategoryDef>
		</designator>
		<overlayOptions>
			<transmitterAtlas>Things/Special/Fluid/GasTransmitterAtlas</transmitterAtlas>
		</overlayOptions>
		<linkToRefuelables>
			<!-- You can add as many as you want -->
			<li>
				<!-- Connect to all chemfuel building -->
				<thing>Fiction_Core</thing>
				<!-- 1 in pipenet: 1 when refueling -->
				<ratio>100</ratio>
			</li>
		</linkToRefuelables>
		<noStorageAlert>true</noStorageAlert>
	</PipeSystem.PipeNetDef>
</Defs>