﻿<?xml version="1.0" encoding="utf-8" ?>
<Defs>
	<ThingDef ParentName="BuildingBase">
		<defName>AR_FictionEnergyPipe</defName>
		<label>フィクションパイプ</label>
		<description>実在しないが存在しているパイプ</description>
		<thingClass>PipeSystem.Building_Pipe</thingClass>
		<category>Building</category>
		<tickerType>Rare</tickerType>
		<graphicData>
			<texPath>Things/Building/Linked/AR_FictionEnergyPipe_Atlas</texPath>
			<graphicClass>Graphic_Single</graphicClass>
			<linkType>Basic</linkType>
			<!-- Any of the custom link flag. Only used so blueprint connect to buildings -->
			<linkFlags>
				<li>Custom7</li>
			</linkFlags>
			<damageData>
				<rect>(0,0.35,1,0.3)</rect>
			</damageData>
		</graphicData>
		<uiIconPath>Things/Building/Linked/AR_FictionEnergyPipe_MenuIcon</uiIconPath>
		<uiIconScale>0.7</uiIconScale>
		<building>
			<ai_chillDestination>false</ai_chillDestination>
			<isInert>true</isInert>
			<isEdifice>false</isEdifice>
			<blueprintGraphicData>
				<texPath>Things/Building/Linked/AR_FictionEnergyPipe_Atlas</texPath>
			</blueprintGraphicData>
		</building>
		<drawerType>MapMeshOnly</drawerType>
		<altitudeLayer>Conduits</altitudeLayer>
		<passability>Standable</passability>
		<leaveResourcesWhenKilled>false</leaveResourcesWhenKilled>
		<statBases>
			<MaxHitPoints>20000</MaxHitPoints>
			<WorkToBuild>80</WorkToBuild>
			<Flammability>0</Flammability>
		</statBases>
		<placingDraggableDimensions>1</placingDraggableDimensions>
		<costList>
			<Displacement_Plasteel>1</Displacement_Plasteel>
			<!--後で変更-->
		</costList>
		<comps>
			<li Class="PipeSystem.CompProperties_Resource">
				<pipeNet>AR_FictionPipeSystem</pipeNet>
			</li>
		</comps>
		<placeWorkers>
			<li>PipeSystem.PlaceWorker_Pipe</li>
		</placeWorkers>
		<rotatable>false</rotatable>
		<selectable>true</selectable>
		<neverMultiSelect>true</neverMultiSelect>
		<soundImpactDefault>BulletImpact_Metal</soundImpactDefault>
		<terrainAffordanceNeeded>Light</terrainAffordanceNeeded>
		<designationCategory>AR_PipeNetworks</designationCategory>
		<constructEffect>ConstructMetal</constructEffect>
		<clearBuildingArea>false</clearBuildingArea>
		<researchPrerequisites>
			<li>Research_Displacement_Plasteel</li>
		</researchPrerequisites>
		<constructionSkillPrerequisite>4</constructionSkillPrerequisite>
	</ThingDef>
</Defs>