﻿<?xml version="1.0" encoding="utf-8"?>

<Defs>
	<!--浸透-->
	<DamageDef Name="Osmosis_Damage">
		<defName>Osmosis</defName>
		<label>浸透</label>
		
		<workerClass>HE_AntiReality.DamageWorker_FE</workerClass>
		<externalViolence>true</externalViolence>
		<deathMessage>{0}はバラバラにされた</deathMessage>
		
		<hediff>Osmosis_Injure</hediff>

		<additionalHediffs>
			<li>
				<hediff>LostOfReality</hediff><!-- 与えたいhediffのdefName-->
				<severityPerDamageDealt>0.01</severityPerDamageDealt><!-- このダメージ1につき与えられる進行度-->
				<victimSeverityScaling>AR_Resistance</victimSeverityScaling>
				<inverseStatScaling>true</inverseStatScaling>
				<victimSeverityScalingByInvBodySize>true</victimSeverityScalingByInvBodySize>
			</li>
			<li>
				<hediff>Vulnerability</hediff>
				<victimSeverityScaling>AR_Resistance</victimSeverityScaling>
				<inverseStatScaling>false</inverseStatScaling>
				<victimSeverityScalingByInvBodySize>false</victimSeverityScalingByInvBodySize>
			</li>
		</additionalHediffs>

		<buildingDamageFactor>22</buildingDamageFactor><!-- 建築物に対する倍率-->
		<bluntInnerHitChance>1</bluntInnerHitChance>
		<bluntInnerHitDamageFractionToConvert>0.1~0.2</bluntInnerHitDamageFractionToConvert>
		<bluntInnerHitDamageFractionToAdd>0.2~0.35</bluntInnerHitDamageFractionToAdd>
		<harmAllLayersUntilOutside>true</harmAllLayersUntilOutside>
		<impactSoundType>Blunt</impactSoundType>
		<armorCategory>AR_AntiReal</armorCategory>
		<overkillPctToDestroyPart>0.4~1.0</overkillPctToDestroyPart>
	</DamageDef>

	<DamageDef>
		<defName>effluence</defName>
		<label>流出</label>
		<deathMessage>{0}は死んだ</deathMessage>

		<additionalHediffs>
			<li>
				<hediff>LostOfReality</hediff><!-- 与えたいhediffのdefName-->
			</li>
		</additionalHediffs>

		<externalViolence>false</externalViolence>
		<workerClass>DamageWorker_AddInjury</workerClass>
		<harmAllLayersUntilOutside>false</harmAllLayersUntilOutside>
		<hasForcefulImpact>false</hasForcefulImpact>
		<canInterruptJobs>false</canInterruptJobs>
		<impactSoundType />
		<armorCategory>AR_AntiReal</armorCategory>
	</DamageDef>

	<!--虚構エネルギーに晒された-->
	<DamageDef ParentName="Bomb">
		<defName>Bathed_in_Energy</defName>
		<label>虚構</label>
		<deathMessage>{0}は死んだ</deathMessage>
		<workerClass>HE_AntiReality.DamageWorker_FE</workerClass>
		<hediff>Osmosis_H3</hediff>
		<hediffSolid>Osmosis_H3</hediffSolid>

		<additionalHediffs>
			<li>
				<hediff>ExistanceFusion_wound</hediff>
				<!-- 与えたいhediffのdefName-->
			</li>
		</additionalHediffs>

		<defaultDamage>1</defaultDamage>
		<defaultArmorPenetration>1000</defaultArmorPenetration>
		<buildingDamageFactorImpassable>0</buildingDamageFactorImpassable>
		<buildingDamageFactorPassable>0</buildingDamageFactorPassable>
		<plantDamageFactor>1000</plantDamageFactor>
		<corpseDamageFactor>0</corpseDamageFactor>

		<explosionHeatEnergyPerCell>-8</explosionHeatEnergyPerCell>

		<explosionColorCenter>(0.4, 0.3, 0.44)</explosionColorCenter>
		<explosionColorEdge>(0.2, 0.15, 0.23)</explosionColorEdge>

		<soundExplosion>Bathed_in_Energy_Sound</soundExplosion>
	</DamageDef>

	<!--凍傷-->
	<DamageDef>
		<defName>AR_FlostBiteDamage</defName>
		<label>凍結</label>
		<workerClass>DamageWorker_AddInjury</workerClass>
		<externalViolence>true</externalViolence>
		<deathMessage>{0}は砕け散った</deathMessage>
		
		<hediff>AR_FrostBite</hediff>
		<hediffSkin>AR_FrostBite</hediffSkin>
		<hediffSolid>AR_FrostBite_Solid</hediffSolid>
		<additionalHediffs>
			<li>
				<hediff>Vulnerability</hediff>
				<severityPerDamageDealt>0.5</severityPerDamageDealt>
				<victimSeverityScaling>AR_Resistance</victimSeverityScaling>
				<inverseStatScaling>false</inverseStatScaling>
				<victimSeverityScalingByInvBodySize>false</victimSeverityScalingByInvBodySize>
			</li>
			<li>
				<hediff>Hypothermia</hediff>
				<severityPerDamageDealt>0.08</severityPerDamageDealt>
				<victimSeverityScalingByInvBodySize>true</victimSeverityScalingByInvBodySize>
			</li>
		</additionalHediffs>
		
		<harmAllLayersUntilOutside>true</harmAllLayersUntilOutside>
		<impactSoundType>Slice</impactSoundType>
		<armorCategory>Sharp</armorCategory>
		<overkillPctToDestroyPart>0.2~0.28</overkillPctToDestroyPart>
		<cutExtraTargetsCurve>
			<points>
				<li>0, 0</li>
				<li>0.6, 1</li>
				<li>0.9, 2</li>
				<li>1, 3</li>
			</points>
		</cutExtraTargetsCurve>
		<cutCleaveBonus>2</cutCleaveBonus>
		<buildingDamageFactor>1.5</buildingDamageFactor>
	</DamageDef>
	
</Defs>