﻿<?xml version="1.0" encoding="utf-8" ?>

<Defs>
	  <ThingDef ParentName="AntiRealWeapons_BaseMelee">
    <defName>EL_UnpulseBlade</defName>
    <label>EL-アンパルスブレード</label>
    <description>[Tier1]虚構エネルギーを動力などに使用し、様々なものの性能向上を図る計画「EL計画」の試作品の一つ。エネルギーを触媒に利用し、刀身を常に-273度に固定し続ける。この武器で斬りつけられた敵は重篤な低体温症に陥るだろう。\n使わない時は鞘にしまうこと。でないと凍ってしまう。</description>
    <possessionCount>1</possessionCount>
    <graphicData>
      <texPath>Things/Item/Equipment/WeaponMelee/LongSword</texPath>
      <graphicClass>Graphic_Single</graphicClass>
    </graphicData>

    <costStuffCount>45</costStuffCount>
    <statBases>
      <WorkToMake>32000</WorkToMake>
      <Mass>1.8</Mass>
    </statBases>

    <equippedAngleOffset>-65</equippedAngleOffset>
    <stuffCategories>
      <li>Metallic</li>
    </stuffCategories>
    <costList>
		<ComponentIndustrial>2</ComponentIndustrial>
		<ComponentSpacer>1</ComponentSpacer>
		<Fiction_Core>1</Fiction_Core>
	</costList>

    <equippedStatOffsets>
	    <ComfyTemperatureMax>10</ComfyTemperatureMax>
		<ComfyTemperatureMin>10</ComfyTemperatureMin>
    </equippedStatOffsets>
		  
	<tools>
      <li>
        <label>殴打</label>
        <capacities>
          <li>Blunt</li>
        </capacities>
        <power>12</power>
        <cooldownTime>1.7</cooldownTime>
      </li>
      <li>
        <label>刺突</label>
        <capacities>
          <li>AR_FlostBite_Stab</li>
        </capacities>
        <power>28</power>
		<armorPenetration>0.8</armorPenetration>
        <cooldownTime>2.4</cooldownTime>
      </li>
      <li>
        <label>切断</label>
        <capacities>
          <li>AR_FlostBite</li>
        </capacities>
        <power>28</power>
        <armorPenetration>1</armorPenetration>
        <cooldownTime>3</cooldownTime>
      </li>
    </tools>
		  
    <recipeMaker>
      <researchPrerequisite>AR_AntiReal_LowWeapons</researchPrerequisite>
    </recipeMaker>

  </ThingDef>
</Defs>