﻿<?xml version="1.0" encoding="utf-8" ?>
<Defs>
	<ThingDef ParentName="ResourceBase">
		<defName>Displacement_Plasteel</defName>
		<label>変位プラスチール</label>
		<description>衝突した物体の持つ固有の周波数に合わせて周波数が変化し、共振させてダメージを大きくできる。</description>
		<graphicData>
			<texPath>Things/Resource/Displacement_Plasteel</texPath>
			<graphicClass>Graphic_StackCount</graphicClass>
		</graphicData>
		<techLevel>Archotech</techLevel>
		
		<soundInteract>Metal_Drop</soundInteract>
		<!-- Silver_Drop Metal_Drop Wood_Drop ChunkRock_Drop -->
		<soundDrop>Metal_Drop</soundDrop>
		<statBases>
			<MarketValue>144</MarketValue>
			<!-- silver 1 gold 10 steel 1.9 plasteel 9 wood 1.2 uranium 6 jade 5 stone 0.9 -->
			<Mass>0.04</Mass>
			<!-- silver 0.008 gold 0.008 steel 0.5 plasteel 0.25 wood 0.4 uranium 1 jade 0.5; 0.0001 = ~1.6kg/m3 -->
			<!-- <Flammability>value</Flammability> -->
			<!-- wood 1.0 - flammability of the item itself!! -->
			<!-- <MaxHitPoints>value</MaxHitPoints> -->
			<!-- Stone 200 -->
			<StuffPower_Armor_Sharp>2</StuffPower_Armor_Sharp>
			<!-- silver 0.72 gold 0.72 steel 0.9  plasteel 1.14 wood 0.54 uranium 1.08 jade 0.9 -->
			<StuffPower_Armor_Blunt>2</StuffPower_Armor_Blunt>
			<!-- silver 0.36 gold 0.36 steel 0.45 plasteel 0.55 wood 0.54 uranium 0.54 jade 0.45 -->
			<StuffPower_Armor_Heat>1.5</StuffPower_Armor_Heat>
			<!-- silver 0.36 gold 0.36 steel 0.60 plasteel 0.65 wood 0.4  uranium 0.65 jade 0.54 -->
			<StuffPower_Insulation_Cold>100</StuffPower_Insulation_Cold>
			<!-- silver 0.3  gold 3    steel 3    plasteel 3    wood 8    uranium 3    jade 3 -->
			<StuffPower_Insulation_Heat>100</StuffPower_Insulation_Heat>
			<!-- silver 0.0  gold 0    steel 0    plasteel 0    wood 4    uranium 0    jade 0 -->
			<SharpDamageMultiplier>1</SharpDamageMultiplier>
			<!-- silver 0.85 gold 0.75 steel 1    plasteel 1.1  wood 0.4  uranium 1.1  jade - stone 0.6 -->
			<BluntDamageMultiplier>8</BluntDamageMultiplier>
			<!-- silver 1.0  gold 1.0  steel 1    plasteel 0.9  wood 0.9  uranium 1.5  jade 1.5 stone 1.0 -->
			<!-- <ConstructionSpeedFactor>value</ConstructionSpeedFactor> -->
			<!-- stone 0.8-->
		</statBases>
		<useHitPoints>false</useHitPoints>
		<!-- should raw resource item have hitpoints -->
		<healthAffectsPrice>false</healthAffectsPrice>
		<thingCategories>
			<li>AR_Resource</li>
		</thingCategories>
		<burnableByRecipe>false</burnableByRecipe>
		<smeltable>false</smeltable>
		<!-- idk maybe if can smelt? -->
		<stuffProps>
			<appearance>Metal</appearance>
			<categories>
				<li>Metallic</li>
				<li>Stony</li>
				<!-- Metallic Woody Stony Fabric -->
			</categories>
			<commonality>0.0001</commonality>
			<!-- silver 0.05 gold 0.02 steel 1.00 plasteel 0.05 wood 1.0 uranium 0.05 jade 0.05 -->
			<constructEffect>ConstructMetal</constructEffect>
			<!-- ConstructMetal ConstructWood -->
			<color>(107,111,88)</color>
			<!-- R,G,B -->
			<soundImpactBullet>BulletImpact_Metal</soundImpactBullet>
			<!-- BulletImpact_Metal BulletImpact_Wood -->
			<soundMeleeHitSharp>MeleeHit_Metal_Sharp</soundMeleeHitSharp>
			<!-- MeleeHit_Metal_Sharp MeleeHit_Wood MeleeHit_Stone -->
			<soundMeleeHitBlunt>MeleeHit_Metal_Blunt</soundMeleeHitBlunt>
			<!-- MeleeHit_Metal_Blunt MeleeHit_Wood MeleeHit_Stone -->
			<statOffsets>
				<!---->
			</statOffsets>
			<statFactors>
				<!---->
				<Mass>0.8</Mass>
				<MaxHitPoints>15</MaxHitPoints>
				<!-- silver 0.7 gold 0.6 steel 1 plasteel 2.8 wiid 0.65 uranium 2.5 jade 0.5 stone 1.8 -->
				<Beauty>2</Beauty>
				<!-- silver 2 gold 2.5 steel 1 plasteel 1 wood 1 uranium 0.5 jade 2.5 -->
				<WorkToMake>5</WorkToMake>
				<!-- gold 0.9 plasteel 2.2 wood 0.7 uranium 1.9 stone 1.3 -->
				<WorkToBuild>3</WorkToBuild>
				<!-- = worktomake, stone 6.0 -->
				<Flammability>0</Flammability>
				<!-- silver 0.4 gold 0.4 steel 0.4 plasteel 0 wood 1 uranium 0 -->
				<MeleeWeapon_CooldownMultiplier>0.7</MeleeWeapon_CooldownMultiplier>
				<!-- plasteel 0.8 uranium 1.1 stone 1.3 -->
				<DoorOpenSpeed>1.5</DoorOpenSpeed>
				<!-- wood 1.2 uranium 0.75 stone 0.45 -->
			</statFactors>
		</stuffProps>
		<terrainAffordanceNeeded>Light</terrainAffordanceNeeded>
		<!-- Light Medium Heavy -->
	</ThingDef>

	<RecipeDef>
		<defName>Displacement_Plasteel</defName>
		<label>変位プラスチールを75個作る</label>
		<description>半現実環境でプラスチールと虚構エネルギーを積層させ、変位プラスチールを作成する。</description>
		<jobString>変位プラスチールを作っている</jobString>
		
		<recipeUsers>
			<li>FabricationBench</li>
		</recipeUsers>
		<researchPrerequisite>Research_Displacement_Plasteel</researchPrerequisite>
		<workSpeedStat>GeneralLaborSpeed</workSpeedStat>
		<effectWorking>Smelt</effectWorking>
		<soundWorking>Recipe_Smelt</soundWorking>
		<allowMixingIngredients>false</allowMixingIngredients>
		
		<workAmount>10000</workAmount>
		<ingredients>
			<li>
				<filter>
					<thingDefs>
						<li>Fiction_Core</li>
					</thingDefs>
				</filter>
				<count>1</count>
			</li>
			<li>
				<filter>
					<thingDefs>
						<li>Plasteel</li>
					</thingDefs>
				</filter>
				<count>50</count>
			</li>
		</ingredients>
		<fixedIngredientFilter>
			<thingDefs>
				<li>Fiction_Core</li>
				<li>Plasteel</li>
			</thingDefs>
		</fixedIngredientFilter>
		<products>
			<Displacement_Plasteel>75</Displacement_Plasteel>
		</products>
	</RecipeDef>

	<ThingDef ParentName="ResourceBase">
		<defName>VoidOut_Plasteel</defName>
		<label>虚展プラスチール</label>
		<description>虚構展開を経たプラスチール繊維を織った素材。耐久値が非常に高くなる。</description>
		<graphicData>
			<texPath>Things/Resource/Displacement_Plasteel</texPath>
			<graphicClass>Graphic_StackCount</graphicClass>
		</graphicData>
		<techLevel>Archotech</techLevel>

		<soundInteract>Metal_Drop</soundInteract>
		<!-- Silver_Drop Metal_Drop Wood_Drop ChunkRock_Drop -->
		<soundDrop>Metal_Drop</soundDrop>
		<statBases>
			<MarketValue>336</MarketValue>
			<!-- silver 1 gold 10 steel 1.9 plasteel 9 wood 1.2 uranium 6 jade 5 stone 0.9 -->
			<Mass>0.0001</Mass>
			<!-- silver 0.008 gold 0.008 steel 0.5 plasteel 0.25 wood 0.4 uranium 1 jade 0.5; 0.0001 = ~1.6kg/m3 -->
			<!-- <Flammability>value</Flammability> -->
			<!-- wood 1.0 - flammability of the item itself!! -->
			<!-- <MaxHitPoints>value</MaxHitPoints> -->
			<!-- Stone 200 -->
			<StuffPower_Armor_Sharp>2.5</StuffPower_Armor_Sharp>
			<!-- silver 0.72 gold 0.72 steel 0.9  plasteel 1.14 wood 0.54 uranium 1.08 jade 0.9 -->
			<StuffPower_Armor_Blunt>2.1</StuffPower_Armor_Blunt>
			<!-- silver 0.36 gold 0.36 steel 0.45 plasteel 0.55 wood 0.54 uranium 0.54 jade 0.45 -->
			<StuffPower_Armor_Heat>1.8</StuffPower_Armor_Heat>
			<!-- silver 0.36 gold 0.36 steel 0.60 plasteel 0.65 wood 0.4  uranium 0.65 jade 0.54 -->
			<StuffPower_Insulation_Cold>100</StuffPower_Insulation_Cold>
			<!-- silver 0.3  gold 3    steel 3    plasteel 3    wood 8    uranium 3    jade 3 -->
			<StuffPower_Insulation_Heat>100</StuffPower_Insulation_Heat>
			<!-- silver 0.0  gold 0    steel 0    plasteel 0    wood 4    uranium 0    jade 0 -->
			<SharpDamageMultiplier>2.25</SharpDamageMultiplier>
			<!-- silver 0.85 gold 0.75 steel 1    plasteel 1.1  wood 0.4  uranium 1.1  jade - stone 0.6 -->
			<BluntDamageMultiplier>2.25</BluntDamageMultiplier>
			<!-- silver 1.0  gold 1.0  steel 1    plasteel 0.9  wood 0.9  uranium 1.5  jade 1.5 stone 1.0 -->
			<!-- <ConstructionSpeedFactor>value</ConstructionSpeedFactor> -->
			<!-- stone 0.8-->
		</statBases>
		<useHitPoints>false</useHitPoints>
		<!-- should raw resource item have hitpoints -->
		<healthAffectsPrice>false</healthAffectsPrice>
		<thingCategories>
			<li>AR_Resource</li>
		</thingCategories>
		<burnableByRecipe>false</burnableByRecipe>
		<smeltable>false</smeltable>
		<!-- idk maybe if can smelt? -->
		<stuffProps>
			<appearance>Metal</appearance>
			<categories>
				<li>Metallic</li>
				<li>Fabric</li>
				<li>Stony</li>
				<li>Woody</li>
				<!-- Metallic Woody Stony Fabric -->
			</categories>
			<commonality>0.0001</commonality>
			<!-- silver 0.05 gold 0.02 steel 1.00 plasteel 0.05 wood 1.0 uranium 0.05 jade 0.05 -->
			<constructEffect>ConstructMetal</constructEffect>
			<!-- ConstructMetal ConstructWood -->
			<color>(66,46,88)</color>
			<!-- R,G,B -->
			<soundImpactBullet>BulletImpact_Metal</soundImpactBullet>
			<!-- BulletImpact_Metal BulletImpact_Wood -->
			<soundMeleeHitSharp>MeleeHit_Metal_Sharp</soundMeleeHitSharp>
			<!-- MeleeHit_Metal_Sharp MeleeHit_Wood MeleeHit_Stone -->
			<soundMeleeHitBlunt>MeleeHit_Metal_Blunt</soundMeleeHitBlunt>
			<!-- MeleeHit_Metal_Blunt MeleeHit_Wood MeleeHit_Stone -->
			<statOffsets>
				<!---->
			</statOffsets>
			<statFactors>
				<!---->
				<Mass>0.7</Mass>
				<MaxHitPoints>51</MaxHitPoints>
				<!-- silver 0.7 gold 0.6 steel 1 plasteel 2.8 wiid 0.65 uranium 2.5 jade 0.5 stone 1.8 -->
				<Beauty>2</Beauty>
				<!-- silver 2 gold 2.5 steel 1 plasteel 1 wood 1 uranium 0.5 jade 2.5 -->
				<WorkToMake>2</WorkToMake>
				<!-- gold 0.9 plasteel 2.2 wood 0.7 uranium 1.9 stone 1.3 -->
				<WorkToBuild>1.8</WorkToBuild>
				<!-- = worktomake, stone 6.0 -->
				<Flammability>0</Flammability>
				<!-- silver 0.4 gold 0.4 steel 0.4 plasteel 0 wood 1 uranium 0 -->
				<MeleeWeapon_CooldownMultiplier>0.7</MeleeWeapon_CooldownMultiplier>
				<!-- plasteel 0.8 uranium 1.1 stone 1.3 -->
				<DoorOpenSpeed>1.5</DoorOpenSpeed>
				<!-- wood 1.2 uranium 0.75 stone 0.45 -->
			</statFactors>
		</stuffProps>
		<terrainAffordanceNeeded>Light</terrainAffordanceNeeded>
		<!-- Light Medium Heavy -->
	</ThingDef>

	<RecipeDef>
		<defName>VoidOut_Plasteel</defName>
		<label>虚展プラスチールを45個作る</label>
		<description>変位プラスチールを半現実環境から虚数空間へ浸透させ、虚展プラスチールを作成する。</description>
		<jobString>虚展プラスチールを作っている</jobString>

		<recipeUsers>
			<li>FabricationBench</li>
		</recipeUsers>
		<researchPrerequisite>Research_VoidOut_Plasteel</researchPrerequisite>
		<workSpeedStat>GeneralLaborSpeed</workSpeedStat>
		<effectWorking>Smelt</effectWorking>
		<soundWorking>Recipe_Smelt</soundWorking>
		<allowMixingIngredients>false</allowMixingIngredients>

		<workAmount>24000</workAmount>
		<ingredients>
			<li>
				<filter>
					<thingDefs>
						<li>Fiction_Core</li>
					</thingDefs>
				</filter>
				<count>1</count>
			</li>
			<li>
				<filter>
					<thingDefs>
						<li>Displacement_Plasteel</li>
					</thingDefs>
				</filter>
				<count>20</count>
			</li>
		</ingredients>
		<fixedIngredientFilter>
			<thingDefs>
				<li>Fiction_Core</li>
				<li>Displacement_Plasteel</li>
			</thingDefs>
		</fixedIngredientFilter>
		<products>
			<Displacement_Plasteel>45</Displacement_Plasteel>
		</products>
	</RecipeDef>
</Defs>