﻿<?xml version="1.0" encoding="utf-8"?>

<Defs>
	<ThingDef Name="FictionCore" ParentName="ResourceBase">
		<defName>Fiction_Core</defName>
		<label>フィクションコア</label>
		<description>虚構エネルギーを封じ込めたカプセル。落雷、火災、爆発に巻き込まれないように、注意して取り扱うこと。\nもし容器が壊れてしまえば最後、周囲に高濃度のエネルギーが襲い掛かり、死に至るだろう。</description>
		<descriptionHyperlinks><HediffDef>ExistanceFusion_wound</HediffDef></descriptionHyperlinks>
		<graphicData>
			<graphicClass>Graphic_Single</graphicClass>
			<texPath>Things/Resource/FictionsCore</texPath>
		</graphicData>

		<tickerType>Normal</tickerType>
		<thingClass>ThingWithComps</thingClass>
		<category>Item</category>

		<drawerType>MapMeshOnly</drawerType>
		<resourceReadoutPriority>Middle</resourceReadoutPriority>
		<useHitPoints>true</useHitPoints>
		<selectable>true</selectable>
		<altitudeLayer>Item</altitudeLayer>
		<stackLimit>100</stackLimit>
		<statBases>
			<WorkToMake>5000</WorkToMake>
			<MarketValue>4700</MarketValue>
			<MaxHitPoints>1</MaxHitPoints>
			<Flammability>0.5</Flammability>
			<Beauty>1</Beauty>
			<Mass>0.8</Mass>
		</statBases>

		<costList>
			<Uranium>500</Uranium>
		</costList>	

		<thingCategories>
			<li>AR_Resource_Core</li>
		</thingCategories>

		<comps>
			<li Class="CompProperties_Forbiddable"/>
			<li Class="CompProperties_Explosive">
				<wickTicks>240</wickTicks>
				<explosiveRadius>13</explosiveRadius>
				<explosiveDamageType>Bathed_in_Energy</explosiveDamageType>
				<explodeOnKilled>true</explodeOnKilled>
			</li>
		</comps>
		<alwaysHaulable>true</alwaysHaulable>
		<drawGUIOverlay>true</drawGUIOverlay>
		<rotatable>false</rotatable>
		<pathCost>5</pathCost>
		<allowedArchonexusCount>-1</allowedArchonexusCount>

		<recipeMaker>
			<researchPrerequisite>AR_FictionsEnergy</researchPrerequisite>
			<workSpeedStat>GeneralLaborSpeed</workSpeedStat>
			<workSkill>Crafting</workSkill>
			<recipeUsers>
				<li>FabricationBench</li>
			</recipeUsers>
			<effectWorking>Smelt</effectWorking>
			<soundWorking>Recipe_Smith</soundWorking>
			<unfinishedThingDef>UnfinishedWeapon</unfinishedThingDef>
			<skillRequirements>
				<Crafting>8</Crafting>
			</skillRequirements>
		</recipeMaker>

	</ThingDef>
	

	
</Defs>