﻿<?xml version="1.0" encoding="utf-8" ?>
<Defs>
	<ThingDef ParentName="AR_ApparelNoQualityBase">
		<defName>ZeroDimensionStone</defName>
		<label>ゼロディメンションストーン</label>
		<description>生身のままで０次元に存在するための装備。最低一つの使用可能な「ディメンションアンカー」が存在しないと使用できない。</description>
		<descriptionHyperlinks>
			<ThingDef>AR_DimensionAnchor</ThingDef>
		</descriptionHyperlinks>
		<graphicData>
			<texPath>Things/Item/ZeroDimensionStone</texPath>
			<graphicClass>Graphic_Single</graphicClass>
			<drawSize>(1,1)</drawSize>
		</graphicData>
		<techLevel>Archotech</techLevel>
		<statBases>
			<WorkToMake>20000</WorkToMake>
			<MarketValue>15000</MarketValue>
			<Mass>0.2</Mass>
			<MaxHitPoints>200</MaxHitPoints>
		</statBases>
		<tickerType>Normal</tickerType>
		<thingCategories>
			<li>ApparelUtility</li>
			<li>AR_NeedFE</li>
		</thingCategories>
		<apparel>
			<developmentalStageFilter>Child, Adult</developmentalStageFilter>
			<countsAsClothingForNudity>true</countsAsClothingForNudity>
			<careIfWornByCorpse>false</careIfWornByCorpse>
			<careIfDamaged>false</careIfDamaged>
			<wearPerDay>0.4</wearPerDay>
			<layers>
				<li>Belt</li>
			</layers>
			<bodyPartGroups>
				<li>Waist</li>
			</bodyPartGroups>
		</apparel>
		<resourceReadoutPriority>Middle</resourceReadoutPriority>
		<tradeNeverStack>true</tradeNeverStack>
		<smeltable>false</smeltable>
		<burnableByRecipe>false</burnableByRecipe>
		<drawGUIOverlay>false</drawGUIOverlay>
		<costList>
			<Fiction_Core>2</Fiction_Core>
			<ComponentSpacer>5</ComponentSpacer>
		</costList>
		<recipeMaker>
			<researchPrerequisite>Research_AR_WarpStone</researchPrerequisite>
			<workSpeedStat>GeneralLaborSpeed</workSpeedStat>
			<workSkill>Crafting</workSkill>
			<recipeUsers>
				<li>FabricationBench</li>
			</recipeUsers>
			<effectWorking>Smelt</effectWorking>
			<soundWorking>Recipe_Smith</soundWorking>
			<unfinishedThingDef>UnfinishedWeapon</unfinishedThingDef>
			<skillRequirements>
				<Crafting>12</Crafting>
			</skillRequirements>
		</recipeMaker>
		<comps>
			<li Class="HE_AntiReality.CompProperties_StoreFE">
				<maxFE>50</maxFE>
				<requireFE>11</requireFE>
			</li>
			<li Class="HE_AntiReality.CompProperties_WarptoAnchor">
				<cooldownTicks>6000</cooldownTicks>
			</li>
		</comps>
	</ThingDef>
	
</Defs>
