﻿<?xml version="1.0" encoding="utf-8" ?>

<Defs>
	<ThoughtDef ParentName="DeathMemory">
		<defName>WitnessedLostOfRealityDeath</defName>
		<durationDays>6</durationDays>
		<stackLimit>5</stackLimit>
		<doNotApplyToQuestLodgers>true</doNotApplyToQuestLodgers>
		<nullifyingTraits>
			<li>Psychopath</li>
			<li MayRequire="HighElixir.DRClothes">HE_DR_Artificial_God</li>
		</nullifyingTraits>
		<stages>
			<li>
				<label>恐ろしい死を目撃した。</label>
				<description>怖い</description>
				<baseMoodEffect>-5</baseMoodEffect>
			</li>
		</stages>
	</ThoughtDef>

	<ThoughtDef ParentName="DeathMemory">
		<defName>AR_ForceDeath</defName>
		<durationDays>1</durationDays>
		<stackLimit>5</stackLimit>
		<doNotApplyToQuestLodgers>false</doNotApplyToQuestLodgers>
		<nullifyingTraits>
			<li MayRequire="HighElixir.DRClothes">HE_DR_Artificial_God</li>
		</nullifyingTraits>
		<stages>
			<li>
				<label>精神汚染</label>
				<description>虚構による惨い汚染</description>
				<baseMoodEffect>-33</baseMoodEffect>
			</li>
		</stages>
	</ThoughtDef>
</Defs>