<?xml version="1.0" encoding="utf-8"?>

<Defs>

	<ThoughtDef>
		<defName>cosmo_heart</defName>
		<workerClass>HE_AntiReality.ThoughtWorker_AddBodyParts_AntiReal_Hand</workerClass>
		<validWhileDespawned>true</validWhileDespawned>
		<developmentalStageFilter>Baby, Child, Adult</developmentalStageFilter>
		<stages>
			<li>
				<label>熱を感じる</label>
				<description>宇宙の中心にいるような、海の底にいるような、、、よくわからないけど自由を感じる。</description>
				<baseMoodEffect>7</baseMoodEffect>
			</li>
		</stages>
	</ThoughtDef>

	<ThoughtDef>
		<defName>MoltenHeart</defName>
		<workerClass>HE_AntiReality.ThoughtWorker_MoltenHeart</workerClass>
		<validWhileDespawned>true</validWhileDespawned>
		<developmentalStageFilter>Baby, Child, Adult</developmentalStageFilter>
		<stages>
			<li>
				<label>軽度な精神不安定</label>
				<description>自分だけど自分じゃないような気持ち悪さが残る...</description>
				<baseMoodEffect>-10</baseMoodEffect>
			</li>
			<li>
				<label>中度の精神不安定</label>
				<description>新しい自分が...</description>
				<baseMoodEffect>-20</baseMoodEffect>
			</li>
			<li>
				<label>重度の精神不安定</label>
				<description>...</description>
				<baseMoodEffect>-35</baseMoodEffect>
			</li>
			<li>
				<label>精神定着</label>
				<description>これが新しい自分...</description>
				<baseMoodEffect>0</baseMoodEffect>
			</li>
			<li>
				<label>意気揚々</label>
				<description>なんだか素敵な気分だ</description>
				<baseMoodEffect>12</baseMoodEffect>
			</li>
		</stages>
	</ThoughtDef>
</Defs>