<?xml version="1.0" encoding="utf-8"?>

<Defs>

    <StatDef>
        <defName>AR_Resistance</defName>
        <label>超現実の補強</label>
        <description>虚構エネルギーへの曝露に対する耐性。ただし、100%の耐性を持っていても実在性崩壊は耐えられない。</description>
        <category>BasicsPawn</category>
        <defaultBaseValue>0</defaultBaseValue>
        <hideAtValue>0</hideAtValue>
        <maxValue>1</maxValue>
        <toStringStyle>PercentZero</toStringStyle>
        <displayPriorityInCategory>3499</displayPriorityInCategory>
      </StatDef>

	<StatDef>
		<defName>AR_Indications</defName>
		<label>虚構への適応</label>
		<description>[ ]</description>
		<category>PawnCombat</category>
		<toStringStyle>PercentZero</toStringStyle>
		<defaultBaseValue>0.5</defaultBaseValue>
		<hideAtValue>0.5</hideAtValue>
		<minValue>0.0001</minValue>
		<displayPriorityInCategory>5200</displayPriorityInCategory>
	</StatDef>

	<StatDef>
		<defName>AR_Resistance_combat</defName>
		<label>虚構耐性</label>
		<description>虚構エネルギーへの曝露に対する外部的な補強。降りかかる偽りの刃を防ぐ為の能力</description>
		<category>PawnCombat</category>
		<defaultBaseValue>0</defaultBaseValue>
		<hideAtValue>0</hideAtValue>
		<maxValue>1</maxValue>
		<toStringStyle>PercentZero</toStringStyle>
		<displayPriorityInCategory>3499</displayPriorityInCategory>
	</StatDef>
</Defs>