﻿<?xml version="1.0" encoding="utf-8" ?>
<Defs>
	<HediffDef ParentName="InjuryBase" Name="FrostBite_Hediff">
		<defName>AR_FrostBite</defName>
		<label>凍傷</label>
		<description>一瞬で凍結され、えぐり取るような痕が残る傷。猛烈に焼けつくような痛みを感じる。</description>
		<hediffClass>Hediff_Injury</hediffClass>
		<tendable>true</tendable>
		<labelNounPretty>{0}の{1}</labelNounPretty>
		<displayWound>true</displayWound>

		<comps>
			<li Class="HediffCompProperties_TendDuration">
				<labelTendedWell>bandaged</labelTendedWell>
				<labelTendedWellInner>tended</labelTendedWellInner>
				<labelSolidTendedWell>tended</labelSolidTendedWell>
			</li>
			<li Class="HE_AntiReality.HediffCompProperties_GiveHediffs">
				<hediffs>
					<li>
						<hediffDef>Vulnerability</hediffDef>
						<skipIfAlreadyExists>true</skipIfAlreadyExists>
					</li>
				</hediffs>
			</li>
			<li Class="HediffCompProperties_GetsPermanent">
				<permanentLabel>凍傷潰瘍痕</permanentLabel>
			</li>
			<li Class="HediffCompProperties_Infecter">
				<infectionChance>0.3</infectionChance>
			</li>
		</comps>
		<injuryProps>
			<painPerSeverity>0.025</painPerSeverity>
			<averagePainPerSeverityPermanent>0.00625</averagePainPerSeverityPermanent>
			<canMerge>true</canMerge>
			<destroyedLabel>凍傷で失った</destroyedLabel>
		</injuryProps>
	</HediffDef>

	<HediffDef ParentName="FrostBite_Hediff">
		<defName>AR_FrostBite_Solid</defName>
		<displayWound>true</displayWound>

		<injuryProps>
			<painPerSeverity>0.01</painPerSeverity>
			<averagePainPerSeverityPermanent>0.0025</averagePainPerSeverityPermanent>
			<canMerge>true</canMerge>
			<destroyedLabel>凍傷で失った</destroyedLabel>
		</injuryProps>
	</HediffDef>
</Defs>