﻿<?xml version="1.0" encoding="utf-8"?>

<Defs>
		
	<HediffDef ParentName="InjuryBase" Name="OsmosisInjurlyBase">
		<defName>Osmosis_Injure</defName>
		<label>浸透</label>
		<description>傷の向こうに鮮やかな何かが見える。不思議と痛みはなく、まるで初めから自分に備わっていた物なのだと錯覚させられる。</description>
		<tendable>true</tendable>
		<labelNounPretty>{0}の{1}</labelNounPretty>
		<displayWound>true</displayWound>

		<comps>
			<li Class="HediffCompProperties_TendDuration">
				<labelTendedWell>bandaged</labelTendedWell>
				<labelTendedWellInner>tended</labelTendedWellInner>
				<labelSolidTendedWell>tended</labelSolidTendedWell>
			</li>
			<li Class="HediffCompProperties_GetsPermanent">
				<permanentLabel>傷跡</permanentLabel>
			</li>
		</comps>
		<injuryProps>
			<painPerSeverity>0.0</painPerSeverity>
			<averagePainPerSeverityPermanent>0.0</averagePainPerSeverityPermanent>
			<canMerge>true</canMerge>
			<destroyedLabel>失った</destroyedLabel>
		</injuryProps>
	</HediffDef>

	<HediffDef>
	<defName>Vulnerability</defName>
	<label>脆弱な体</label>
	<description>突然虚構エネルギーに触れたことによる副反応。\n戦闘能力がかなり弱体化する</description>
	<defaultLabelColor>(0.7, 0.7, 0.9)</defaultLabelColor>
	<displayWound>false</displayWound>
	<makesSickThought>true</makesSickThought>
	<hediffClass>HediffWithComps</hediffClass>
	<initialSeverity>1</initialSeverity>
	<maxSeverity>1</maxSeverity>
	<comps>
		<li Class="HediffCompProperties_SeverityPerDay">
			<severityPerDay>-12</severityPerDay>
			<showHoursToRecover>true</showHoursToRecover>
		</li>
	</comps>
	<stages>
		<li>
			<capMods>
				<li>
					<capacity>Moving</capacity>
					<offset>-0.3</offset>
				</li>
				<li>
					<capacity>Manipulation</capacity>
					<offset>-0.4</offset>
				</li>
			</capMods>
			<statOffsets>
				<IncomingDamageFactor>0.4</IncomingDamageFactor>
				<MeleeDodgeChance>-0.3</MeleeDodgeChance>
				<AimingDelayFactor>+0.2</AimingDelayFactor>
				<ShootingAccuracyPawn>-0.2</ShootingAccuracyPawn>

				<ArmorRating_Sharp>-0.5</ArmorRating_Sharp>
				<ArmorRating_Blunt>-0.5</ArmorRating_Blunt>
				<ArmorRating_Heat>-0.5</ArmorRating_Heat>
			  </statOffsets>
		</li>
	</stages>

	</HediffDef>

	<HediffDef>
		<defName>Osmosis_H2</defName>
		<label>吸魂の跡</label>
		<description>なんだか気持ち悪い</description>
		<displayWound>false</displayWound>
		<makesSickThought>true</makesSickThought>
		<hediffClass>HediffWithComps</hediffClass>
		<initialSeverity>0.5</initialSeverity>
		<comps>
			<li Class="HediffCompProperties_Disappears">
				<disappearsAfterTicks>
					<min>2000</min>
					<max>3000</max>
				</disappearsAfterTicks>
			</li>
		</comps>
		<stages>
			<li>
				<capMods>
					<li>
						<capacity>Moving</capacity>
						<offset>-0.15</offset>
					</li>
				</capMods>
			</li>
		</stages>

	</HediffDef>
	
</Defs>