<?xml version="1.0" encoding="utf-8"?>

<Defs>

    <ThingDef ParentName="BaseBullet">
        <defName>PN_PEACEMAKER_B</defName>
        <label>平和の祈り</label>
        <graphicData>
          <texPath>Things/Projectile/Bullet_Small</texPath>
          <graphicClass>Graphic_Single</graphicClass>
        </graphicData>
        <projectile>
          <damageDef>Osmosis</damageDef>
          <damageAmountBase>82</damageAmountBase>
			<armorPenetrationBase>1000</armorPenetrationBase>
          <stoppingPower>3</stoppingPower>
          <speed>16</speed>
        </projectile>
    </ThingDef>

    <ThingDef ParentName="BaseBullet">
        <defName>AR_Bullet_ChargeRifle</defName>
        <label>チャージショット</label>
        <graphicData>
          <texPath>Things/Projectile/Charge_Small</texPath>
          <graphicClass>Graphic_Single</graphicClass>
        </graphicData>
        <projectile>
          <damageDef>Bullet</damageDef>
          <damageAmountBase>36</damageAmountBase>
          <armorPenetrationBase>0.42</armorPenetrationBase>
          <speed>100</speed>
        </projectile>
      </ThingDef>

      <ThingDef ParentName="BaseBullet">
        <defName>AR_Bullet_ChargeLance</defName>
        <label>狙撃</label>
        <graphicData>
          <texPath>Things/Projectile/ChargeLanceShot</texPath>
          <graphicClass>Graphic_Single</graphicClass>
          <shaderType>TransparentPostLight</shaderType>
          <drawSize>1.5</drawSize>
        </graphicData>
        <projectile>
          <damageDef>Osmosis</damageDef>
          <damageAmountBase>48</damageAmountBase>
			<armorPenetrationBase>1000</armorPenetrationBase>
          <stoppingPower>0</stoppingPower>
          <speed>240</speed>
        </projectile>
      </ThingDef>

	<ThingDef ParentName="BaseBullet">
		<defName>PN_FireWorksMaker_B</defName>
		<label>火炎弾</label>
		<graphicData>
			<texPath>Things/Projectile/Bullet_Small</texPath>
			<graphicClass>Graphic_Single</graphicClass>
		</graphicData>
		<projectile>
			<damageDef>Osmosis</damageDef>
			<damageAmountBase>2</damageAmountBase>
			<armorPenetrationBase>1000</armorPenetrationBase>
			<stoppingPower>0.7</stoppingPower>
			<speed>92</speed>
		</projectile>
	</ThingDef>
</Defs>