﻿<?xml version="1.0" encoding="utf-8"?>
<Defs>
	<HediffDef>
		<defName>AR_Resistance</defName>
		<label>非現実への耐性</label>
		<description>非表示\n実在性崩壊を完全無効化</description>
		<makesSickThought>false</makesSickThought>
		<hediffClass>HediffWithComps</hediffClass>
		<defaultLabelColor>(0.7, 1.0, 0.7)</defaultLabelColor>
		<maxSeverity>1</maxSeverity>
		<initialSeverity>1</initialSeverity>
		<comps>
			<li Class="HE_AntiReality.HediffCompProperties_NeedHediff">
				<needHediffs>
					<li>
						<hediffDefs>
							<li>AR_InfinityAnchor</li>
						</hediffDefs>
					</li>
					<li>
						<hediffDefs>
							<li>AR_MoltenHeart</li>
						</hediffDefs>
					</li>
					<li>
						<hediffDefs>
							<li>AR_ZeroDimensionAnchor</li>
						</hediffDefs>
					</li>
				</needHediffs>
			</li>
		</comps>
		<stages>
			<li>
				<becomeVisible>false</becomeVisible>
			</li>
		</stages>
	</HediffDef>
</Defs>