﻿<?xml version="1.0" encoding="utf-8" ?>

<Defs>

	<HediffDef ParentName="OsmosisInjurlyBase">
		<defName>Osmosis_H3</defName>
		<label>致命的な浸透</label>
		<description>もう助からない</description>
		<comps>
			<li Class="HE_AntiReality.HediffCompProperties_GiveHediffs">
				<hediffs>
					<li>
						<hediffDef>ExistanceFusion_wound</hediffDef>
						<skipIfAlreadyExists>true</skipIfAlreadyExists>
					</li>
				</hediffs>
			</li>
		</comps>
	</HediffDef>

	<HediffDef>
		<defName>ExistanceFusion_wound</defName>
		<label>実在性崩壊</label>
		<description>魂はすでに霧散している。ついでに肉体も。</description>
		<defaultLabelColor>(0.5, 0.5, 0.5)</defaultLabelColor>
		<displayWound>false</displayWound>
		<hediffClass>HE_AntiReality.ExistanceFusion_wound</hediffClass>
		<tendable>false</tendable>
		<isBad>false</isBad>
		<labelNounPretty>{0}の{1}</labelNounPretty>

		<comps>
			<li Class="HE_AntiReality.HediffCompProperties_forceDeath">
				<exceptionHediffDefs>
					<li>AR_Resistance</li>
				</exceptionHediffDefs>
				<exceptionTraitDefs>
					<li MayRequire="HighElixir.DRClothes">HE_DR_Artificial_God</li>
					<li>AR_TraitsA</li>
				</exceptionTraitDefs>
			</li>
		</comps>
	</HediffDef>
</Defs>