﻿<?xml version="1.0" encoding="utf-8" ?>
<Defs>
	<HediffDef>
		<defName>AR_OverLoad</defName>
		<label>精神の負荷</label>
		<description>あなたはどの程度耐えられる？</description>
		<defaultLabelColor>(0.17, 0.04, 0.31)</defaultLabelColor>
		<displayWound>false</displayWound>
		<hediffClass>HE_AntiReality.ExistanceFusion_wound</hediffClass>
		<tendable>false</tendable>
		<isBad>false</isBad>
		<labelNounPretty>{0}の{1}</labelNounPretty>

		<comps>
			<li Class="HE_AntiReality.HediffCompProperties_OverLoad" />
		</comps>
	</HediffDef>
</Defs>