﻿<?xml version="1.0" encoding="utf-8" ?>
<Defs>
	<ThingDef ParentName="BuildingBase">
		<defName>AR_DimensionAnchor</defName>
		<label>ディメンションアンカー</label>
		<description>「ゼロディメンションストーン」を使用する際のワープ先として機能する建築物。</description>
		<descriptionHyperlinks>
			<ThingDef>ZeroDimensionStone</ThingDef>
		</descriptionHyperlinks>
		<thingClass>Building</thingClass>
		<graphicData>
			<texPath>Things/Building/DimensionAnchor</texPath>
			<graphicClass>Graphic_Multi</graphicClass>
			<drawSize>(2,2)</drawSize>
		</graphicData>
		<altitudeLayer>Building</altitudeLayer>
		<passability>PassThroughOnly</passability>
		<size>(2,2)</size>
		<building>
			<canPlaceOverWall>true</canPlaceOverWall>
			<buildingTags>
				<li>PowerUser</li>
				<li>WarpSystem</li>
			</buildingTags>
		</building>
		<statBases>
			<MarketValue>50000</MarketValue>
			<WorkToBuild>2000</WorkToBuild>
			<MaxHitPoints>1300</MaxHitPoints>
			<Flammability>0</Flammability>
		</statBases>
		<costList>
			<ComponentIndustrial>10</ComponentIndustrial>
			<Displacement_Plasteel>150</Displacement_Plasteel>
			<Fiction_Core>2</Fiction_Core>
		</costList>
		<comps>
			<!-- エネルギー供給コンポーネント -->
			<li Class="PipeSystem.CompProperties_ResourceTrader">
				<pipeNet>AR_FictionPipeSystem</pipeNet>
				<consumptionPerTick>0.007</consumptionPerTick>
			</li>
			<!-- オン/オフスイッチ -->
			<li Class="CompProperties_Flickable">
				<commandTexture>Things/Special/Fluid/VHGE_OverlayBase</commandTexture>
				<commandLabelKey>AR_CommandToggleDimensionAnchor_Label</commandLabelKey>
				<commandDescKey>AR_CommandToggleDimensionAnchor_Desc</commandDescKey>
			</li>
			<!-- ワープシステム用コンポーネント（カスタム） -->
			<li Class="HE_AntiReality.CompProperties_WarpSystem">
				<!-- カスタムコンポーネントのプロパティをここに追加 -->
			</li>
			<!-- 故障可能 -->
			<li Class="CompProperties_Breakdownable" />
		</comps>
		<researchPrerequisites>
			<li>Research_AR_WarpStone</li>
		</researchPrerequisites>
		<designationCategory>AR_PipeNetworks</designationCategory>
		<constructionSkillPrerequisite>20</constructionSkillPrerequisite>
	</ThingDef>
</Defs>