﻿<?xml version="1.0" encoding="utf-8" ?>
<Defs>
	<ThingDef ParentName="BuildingBase">
		<defName>AR_FETank</defName>
		<label>FE貯蔵タンク</label>
		<description>FE(虚構エネルギー)を蓄えるためのタンク。破損すると周囲に「実在性崩壊」を発症させる爆発を引き起こす。</description>
		<drawerType>MapMeshAndRealTime</drawerType>
		<graphicData>
			<texPath>Things/Building/AR_FETank</texPath>
			<graphicClass>Graphic_Multi</graphicClass>
			<drawSize>(2,2)</drawSize>
			<damageData>
				<cornerTL>Damage/Corner</cornerTL>
				<cornerTR>Damage/Corner</cornerTR>
				<cornerBL>Damage/Corner</cornerBL>
				<cornerBR>Damage/Corner</cornerBR>
			</damageData>
		</graphicData>
		<altitudeLayer>Building</altitudeLayer>
		<passability>PassThroughOnly</passability>
		<pathCost>50</pathCost>
		<blockWind>true</blockWind>
		<castEdgeShadows>true</castEdgeShadows>
		<fillPercent>0.40</fillPercent>
		<tickerType>Normal</tickerType>
		<minifiedDef>MinifiedThing</minifiedDef>
		<thingCategories>
			<li>AR_Powers</li>
		</thingCategories>
		<statBases>
			<MaxHitPoints>2500</MaxHitPoints>
			<WorkToBuild>2500</WorkToBuild>
			<Mass>20</Mass>
			<Flammability>0</Flammability>
			<Beauty>1</Beauty>
		</statBases>
		<size>(2,2)</size>
		<building>
			<destroySound>BuildingDestroyed_Metal_Medium</destroySound>
		</building>
		<costList>
			<Displacement_Plasteel>45</Displacement_Plasteel>
			<ComponentIndustrial>2</ComponentIndustrial>
		</costList>
		<comps>
			<li Class="PipeSystem.CompProperties_ResourceStorage">
				<!-- Accept a PipeNetDef -->
				<pipeNet>AR_FictionPipeSystem</pipeNet>
				<!-- Amount that can be stored -->
				<storageCapacity>3000</storageCapacity>
				<!-- Lenght and Width of the bar -->
				<barSize>(1.3, 0.25)</barSize>
				<!-- 0 mean there is no bar outline -->
				<margin>0.1</margin>
			</li>
			<li Class="PipeSystem.CompProperties_ExplosiveContent">
				<!-- 0 when empty, 24 when full -->
				<explosiveMaxRadius>24</explosiveMaxRadius>
				<!-- Vanilla options below -->
				<explosiveDamageType>Bathed_in_Energy</explosiveDamageType>
				<destroyThingOnExplosionSize>0</destroyThingOnExplosionSize>
				<startWickHitPointsPercent>0.2</startWickHitPointsPercent>
				<wickTicks>200~250</wickTicks>
			</li>
		</comps>
		<terrainAffordanceNeeded>Medium</terrainAffordanceNeeded>
		<uiOrder>2020</uiOrder>
		<staticSunShadowHeight>0.2</staticSunShadowHeight>
		<constructEffect>ConstructMetal</constructEffect>
		<designationHotKey>Misc4</designationHotKey>
		<canOverlapZones>false</canOverlapZones>
		<researchPrerequisites>
			<li>Research_Displacement_Plasteel</li>
		</researchPrerequisites>
		<designationCategory>AR_PipeNetworks</designationCategory>
		<constructionSkillPrerequisite>8</constructionSkillPrerequisite>
	</ThingDef>
</Defs>