﻿<?xml version="1.0" encoding="utf-8" ?>
<Defs>
	<ResearchProjectDef ParentName="AR_ResearchBase">
		<defName>Research_InfinityAnchor</defName>
		<label>構築：インフィニティアンカー</label>
		<description>[Tier4]身体を虚構エネルギーへと同化させ、文字通り人間をやめる。\nこの先、一本道。</description>

		<baseCost>400000</baseCost>

		<prerequisites>
			<li>Research_MultiInplantor</li>
		</prerequisites>
		<researchViewX>5.00</researchViewX>
		<researchViewY>0.20</researchViewY>
		<tags>

		</tags>
	</ResearchProjectDef>

	<ResearchProjectDef ParentName="AR_ResearchBase">
		<defName>Research_ZeroDimensionAnchor</defName>
		<label>構築：ゼロディメンションアンカー</label>
		<description>[Tier4]生身で０次元を移動するすべを手に入れる。</description>

		<baseCost>220000</baseCost>

		<prerequisites>
			<li>Research_AR_ZeroStorage</li>
			<li>Research_InfinityAnchor</li>
		</prerequisites>
		<researchViewX>6.00</researchViewX>
		<researchViewY>0.20</researchViewY>
		<tags>

		</tags>
	</ResearchProjectDef>
</Defs>

