﻿<?xml version="1.0" encoding="utf-8" ?>

<Defs>
	<ResearchProjectDef ParentName="AR_ResearchBase">
		<defName>Research_Displacement_Plasteel</defName>
		<label>構築：変位プラスチール</label>
		<description>[Tier1]変位プラスチールと、それに関連する装備、構造物の研究開発を行う。</description>

		<baseCost>18000</baseCost>

		<prerequisites>
			<li>AR_AntiReal_LowWeapons</li>
		</prerequisites>
		<researchViewX>3.00</researchViewX>
		<researchViewY>1.60</researchViewY>
		<tags>

		</tags>
	</ResearchProjectDef>

	<ResearchProjectDef ParentName="AR_ResearchBase">
		<defName>Research_VoidOut_Plasteel</defName>
		<label>構築：虚展プラスチール</label>
		<description>[Tier2]虚展プラスチールと、それに関連する装備、構造物の研究開発を行う。</description>

		<baseCost>32000</baseCost>

		<prerequisites>
			<li>Research_Displacement_Plasteel</li>
		</prerequisites>
		<researchViewX>4.00</researchViewX>
		<researchViewY>0.9</researchViewY>
		<tags>

		</tags>
	</ResearchProjectDef>

	<ResearchProjectDef ParentName="AR_ResearchBase">
		<defName>Research_AR_WarpStone</defName>
		<label>構築：ワープ機構・基礎</label>
		<description>[Tier2]帰還の基点となる「ディメンションアンカー」と、移動するための「ゼロディメンションストーン」を追加する。</description>

		<baseCost>82000</baseCost>

		<prerequisites>
			<li>Research_Displacement_Plasteel</li>
		</prerequisites>
		<researchViewX>4.00</researchViewX>
		<researchViewY>1.60</researchViewY>
		<tags>

		</tags>
	</ResearchProjectDef>

	<ResearchProjectDef ParentName="AR_ResearchBase">
		<defName>Research_AR_ZeroStorage</defName>
		<label>構築：ワープ機構・輸送</label>
		<description>[Tier3]「0dストレージ」を開発する。（未実装）</description>

		<baseCost>120000</baseCost>

		<prerequisites>
			<li>Research_AR_WarpStone</li>
		</prerequisites>
		<researchViewX>5.00</researchViewX>
		<researchViewY>1.60</researchViewY>
		<tags>

		</tags>
	</ResearchProjectDef>
</Defs>