<?xml version="1.0" encoding="utf-8" ?>
<Defs>
	<!--
  1
FixBrokenDownBuildingSuccessChance - 建物修理成功率
ConstructSuccessChance - 建設成功率
ConstructionSpeed - 建設速度
HuntingStealth - 狩猟時の隠密性
PlantHarvestYield - 植物収穫量

2
PlantWorkSpeed - 農作業速度
AnimalGatherYield - 動物収集収穫量
AnimalGatherSpeed - 動物収集速度
ResearchSpeed - 研究速度
SmoothingSpeed - 床の平滑化速度

3
MiningYield - 採掘収穫量
MiningSpeed - 採掘速度
WorkSpeedGlobal - 全作業速度
NegotiationAbility - 交渉能力
PawnBeauty - 見た目の美しさ

4
ArrestSuccessChance - 逮捕成功率
TradePriceImprovement - 取引価格改善率
SocialImpact - 社会的影響力
TameAnimalChance - 動物を飼い慣らす成功率
TrainAnimalChance - 動物訓練成功率

5
SmeltingSpeed - 精錬速度
GeneralLaborSpeed - 一般作業速度
DrugSynthesisSpeed - 薬品合成速度
CookSpeed - 料理速度
FoodPoisonChance - 食中毒発生率

6
DrugCookingSpeed - 薬品調理速度
ButcheryFleshSpeed - 生肉解体速度
ButcheryMechanoidSpeed - 機械解体速度
ButcheryFleshEfficiency - 生肉解体効率
ButcheryMechanoidEfficiency - 機械解体効率

7
MoveSpeed - 移動速度
MentalBreakThreshold - 精神崩壊のしやすさ
PsychicSensitivity - サイキック感受性
PsychicEntropyMax - サイキックエネルギー上限
PsychicEntropyRecoveryRate - サイキックエネルギー回復速度

8
PsychicEntropyGain - サイキックエネルギー消費増加率
ToxicResistance - 毒耐性
GlobalLearningFactor - 学習速度
HungerRateMultiplier - 空腹度増加率
RestRateMultiplier - 休息増加率

9
EatingSpeed - 食事速度
ComfyTemperatureMin - 快適温度の下限
ComfyTemperatureMax - 快適温度の上限
ImmunityGainSpeed - 免疫獲得速度
CarryingCapacity - 運搬可能重量

10
MeatAmount - 肉収穫量
LeatherAmount - 皮収穫量
MinimumHandlingSkill - 必要取り扱いスキル
PainShockThreshold - 痛みショックしきい値
ForagedNutritionPerDay - 採取栄養量/日

11
MeleeDPS - 近接攻撃DPS（毎秒ダメージ量）
MeleeArmorPenetration - 近接攻撃の装甲貫通力
MeleeHitChance - 近接命中率
MeleeDodgeChance - 近接回避率
ShootingAccuracyPawn - 射撃命中率

12
AimingDelayFactor - 照準遅延率
PawnTrapSpringChance - 罠解除成功率
IncomingDamageFactor - 受けるダメージ率
MedicalTendSpeed - 医療手当速度
MedicalTendQuality - 医療手当の質

13
MedicalOperationSpeed - 手術速度
MedicalSurgerySuccessChance - 手術成功率
Flammability - 火に対する燃えやすさ
IncomingDamageFactor - 被ダメージ率

14
ArmorRating_Sharp - 尖った武器への装甲値
ArmorRating_Blunt - 鈍器への装甲値
ArmorRating_Heat - 熱攻撃への装甲値

  -->

	<ThingDef Name="BodyPartAntiRealityBase" ParentName="BodyPartBase" Abstract="True">
		<techLevel>Archotech</techLevel>
		<thingCategories>
			<li>AR_BodyAdd</li>
		</thingCategories>
		<graphicData>
			<texPath>Things/Item/Health/HealthItem</texPath>
			<graphicClass>Graphic_Single</graphicClass>
			<drawSize>0.80</drawSize>
			<color>(45,11,80)</color>
		</graphicData>
		<statBases>
			<WorkToMake>100</WorkToMake>
		</statBases>

		<recipeMaker>

			<researchPrerequisite></researchPrerequisite>
			<workSpeedStat>GeneralLaborSpeed</workSpeedStat>
			<workSkill>Crafting</workSkill>

			<recipeUsers>
				<li>FabricationBench</li>
			</recipeUsers>
			<effectWorking>Smelt</effectWorking>
			<soundWorking>Recipe_Smith</soundWorking>
			<unfinishedThingDef>UnfinishedWeapon</unfinishedThingDef>
			<skillRequirements>
				<Crafting>20</Crafting>
			</skillRequirements>

			<displayPriority>600</displayPriority>
		</recipeMaker>
		<techHediffsTags>
			<li>Advanced</li>
		</techHediffsTags>
	</ThingDef>

	<ThingDef Name="BodyPartAntiRealityBase_M" ParentName="BodyPartAntiRealityBase" Abstract="True">
		<recipeMaker>
			<workSpeedStat>GeneralLaborSpeed</workSpeedStat>
			<workSkill>Crafting</workSkill>
			<effectWorking>Smith</effectWorking>
			<soundWorking>Recipe_Smith</soundWorking>
			<unfinishedThingDef>UnfinishedHealthItemProsthetic</unfinishedThingDef>
			<researchPrerequisite Inherit="False">AR_FictionsEnergy</researchPrerequisite>
		</recipeMaker>

		<statBases>
			<MarketValue>14000</MarketValue>
			<Mass>0.8</Mass>
		</statBases>

	</ThingDef>


	<HediffDef Name="AR_ImplantBase" ParentName="ImplantHediffBase" Abstract="True">
		<hediffClass>Hediff_Implant</hediffClass>
		<defaultLabelColor>(0.25, 0.12, 0.38)</defaultLabelColor>
		<initialSeverity>0.5</initialSeverity>
		<isBad>false</isBad>
		<priceImpact>true</priceImpact>
	</HediffDef>

	<HediffDef Name="AR_BodyPartsBase" ParentName="AddedBodyPartBase" Abstract="True">
		<hediffClass>Hediff_AddedPart</hediffClass>
		<defaultLabelColor>(0.17, 0.04, 0.31)</defaultLabelColor>
		<initialSeverity>0.5</initialSeverity>
		<isBad>false</isBad>
		<priceImpact>true</priceImpact>
	</HediffDef>

	<!-- レシピ-->

	<RecipeDef Name="AR_Surgery" Abstract="True">
		<developmentalStageFilter>Child, Adult</developmentalStageFilter>
		<recipeUsers>
			<li>Human</li>
		</recipeUsers>

		<skillRequirements>
			<Medicine>8</Medicine>
		</skillRequirements>
	</RecipeDef>

	<RecipeDef Name="AR_InstallImplants" ParentName="AR_Surgery" Abstract="True">
		<workerClass>Recipe_InstallImplant</workerClass>
	</RecipeDef>

	<RecipeDef Name="AR_AddBodyParts" ParentName="AR_Surgery" Abstract="True">
		<workerClass>Recipe_InstallArtificialBodyPart</workerClass>
	</RecipeDef>
</Defs>