<?xml version="1.0" encoding="utf-8" ?>

<Defs>

	<!-- EL_深謀-->

	<HediffDef ParentName="AR_ImplantBase">
		<defName>EL_Conspiracy</defName>
		<label>EL-深謀</label>
		<labelNoun>EL-深謀</labelNoun>
		<description>視界がクリアになった気がする。</description>
		<descriptionHyperlinks>
			<ThingDef>EL_Conspiracy</ThingDef>
		</descriptionHyperlinks>
		<defaultLabelColor>(0.25, 0.12, 0.38)</defaultLabelColor>
		<initialSeverity>0.5</initialSeverity>

		<spawnThingOnRemoved></spawnThingOnRemoved>


		<stages>
			<li>
				<partEfficiencyOffset>0.67</partEfficiencyOffset>
				<capMods>
					<li>
						<capacity>Consciousness</capacity>
						<offset>0.5</offset>
					</li>
				</capMods>
				<statFactors>
					<PsychicSensitivity>0</PsychicSensitivity>
				</statFactors>
			</li>
		</stages>
	</HediffDef>



	<ThingDef ParentName="BodyPartAntiRealityBase_M">
		<defName>EL_Conspiracy</defName>
		<label>EL-深謀</label>
		<description>[Tier1]虚構エネルギーを動力などに使用し、様々なものの性能向上を図る計画「EL計画」の試作品の一つ。\n\n脳に親切丁寧かつ大仰に作られたチップを移植すると、虚構エネルギーがニューロンと適合し、通常、人間の反応速度は最速でも0.1秒であるが、これを0.004秒に短縮できる。\nなお、虚構エネルギーの影響で、移植されたものは精神感応性が失われる。</description>
		<descriptionHyperlinks>
			<RecipeDef>EL_Conspiracy</RecipeDef>
		</descriptionHyperlinks>
		<costList>
			<Fiction_Core>1</Fiction_Core>
			<ComponentSpacer>1</ComponentSpacer>
		</costList>
		<statBases>
			<MarketValue>12000</MarketValue>
			<Mass>0.01</Mass>
		</statBases>

		<recipeMaker>
			<researchPrerequisite>AR_AntiReal_ResearchThree</researchPrerequisite>
		</recipeMaker>
	</ThingDef>



	<RecipeDef ParentName="AR_InstallImplants">
		<defName>EL_Conspiracy</defName>
		<label>EL-深謀を移植する</label>
		<description>EL-深謀を移植する。\nなお、特性上、一度移植すると除去できない。ウランたった500個と少しで作れるのだから、作ってしまったほうが早いでしょ？</description>
		<descriptionHyperlinks>
			<ThingDef>EL_Conspiracy</ThingDef>
			<HediffDef>EL_Conspiracy</HediffDef>
		</descriptionHyperlinks>
		<jobString>EL-深謀を移植している。</jobString>

		<ingredients>
			<li>
				<filter>
					<thingDefs>
						<li>EL_Conspiracy</li>
					</thingDefs>
				</filter>
				<count>1</count>
			</li>
		</ingredients>
		<fixedIngredientFilter>
			<thingDefs>
				<li>EL_Conspiracy</li>
			</thingDefs>
		</fixedIngredientFilter>

		<appliedOnFixedBodyParts>
			<li>Brain</li>
		</appliedOnFixedBodyParts>

		<addsHediff>EL_Conspiracy</addsHediff>

		<workAmount>200</workAmount>

	</RecipeDef>

	<!-- EL_憤懣-->

	<HediffDef ParentName="AR_ImplantBase">
		<defName>EL_anger</defName>
		<label>EL-憤懣</label>
		<labelNoun>EL-憤懣</labelNoun>
		<description>せかせかと足を動かす</description>
		<descriptionHyperlinks>
			<ThingDef>EL_anger</ThingDef>
		</descriptionHyperlinks>
		<defaultLabelColor>(0.25, 0.12, 0.38)</defaultLabelColor>
		<initialSeverity>0.5</initialSeverity>

		<spawnThingOnRemoved>EL_anger</spawnThingOnRemoved>


		<stages>
			<li>
				<partEfficiencyOffset>0.25</partEfficiencyOffset>
				<capMods>
					<li>
						<capacity>Moving</capacity>
						<offset>0.2</offset>
					</li>
				</capMods>
				<restFallFactor>0.7</restFallFactor>
				<statFactors>
					<PsychicSensitivity>0.9</PsychicSensitivity>
				</statFactors>
				<statOffsets>
					<PawnBeauty>-0.5</PawnBeauty>
				</statOffsets>
			</li>
		</stages>
	</HediffDef>



	<ThingDef ParentName="BodyPartAntiRealityBase_M">
		<defName>EL_anger</defName>
		<label>EL-憤懣</label>
		<description>[Tier1]虚構エネルギーを動力などに使用し、様々なものの性能向上を図る計画「EL計画」の試作品の一つ。\n\n網目の形をした歩行補助器具。足を囲うように貼り付けると足と同化し、筋肉の収縮を補助、ついでに少し改造する。\n取り付けた足は、常にイラついているかのようにぴくぴくと痙攣するので、少し見栄えが悪い。</description>
		<descriptionHyperlinks>
			<RecipeDef>EL_anger</RecipeDef>
		</descriptionHyperlinks>
		<costList>
			<Fiction_Core>1</Fiction_Core>
			<ComponentSpacer>1</ComponentSpacer>
		</costList>
		<statBases>
			<MarketValue>16000</MarketValue>
			<Mass>0.01</Mass>
		</statBases>

		<recipeMaker>
			<researchPrerequisite>AR_AntiReal_ResearchThree</researchPrerequisite>
		</recipeMaker>
	</ThingDef>



	<RecipeDef ParentName="AR_InstallImplants">
		<defName>EL_anger</defName>
		<label>EL-憤懣を移植する</label>
		<description>EL-憤懣を移植する。\n貼り付けるだけなので誰でもできる。</description>
		<descriptionHyperlinks>
			<ThingDef>EL_anger</ThingDef>
			<HediffDef>EL_anger</HediffDef>
		</descriptionHyperlinks>
		<jobString>EL-憤懣を移植している。</jobString>

		<ingredients>
			<li>
				<filter>
					<thingDefs>
						<li>EL_anger</li>
					</thingDefs>
				</filter>
				<count>1</count>
			</li>
		</ingredients>
		<fixedIngredientFilter>
			<thingDefs>
				<li>EL_anger</li>
			</thingDefs>
		</fixedIngredientFilter>

		<appliedOnFixedBodyParts>
			<li>Leg</li>
		</appliedOnFixedBodyParts>

		<addsHediff>EL_anger</addsHediff>

		<workAmount>120</workAmount>

		<skillRequirements>
			<Medicine>0</Medicine>
		</skillRequirements>
	</RecipeDef>

	<RecipeDef ParentName="SurgeryRemoveImplantBase">
		<defName>RemoveEL_anger</defName>
		<label>EL-憤懣を取り外す。</label>
		<description>EL-憤懣を取り外す。操作が少しややこしいため技術が要求される。(25度ぴったりのアンモニア水をぶっかけるなど)</description>
		<descriptionHyperlinks>
			<ThingDef>EL_anger</ThingDef>
			<HediffDef>EL_anger</HediffDef>
		</descriptionHyperlinks>
		<jobString>EL-憤懣を取り外している</jobString>
		<removesHediff>EL_anger</removesHediff>

		<skillRequirements>
			<Medicine>9</Medicine>
		</skillRequirements>
	</RecipeDef>
</Defs>