<?xml version="1.0" encoding="utf-8" ?>
<Defs>

	<SoundDef>
		<defName>Bathed_in_Energy_Sound</defName>
		<context>MapOnly</context>
		<maxSimultaneous>1</maxSimultaneous>
		<subSounds>
			<li>
				<muteWhenPaused>True</muteWhenPaused>
				<onCamera>True</onCamera>
				<grains>
					<li Class="AudioGrain_Clip">
						<clipPath>Misc/BathedinEnergy</clipPath>
					</li>
				</grains>
				<volumeRange>30</volumeRange>
				<distRange>15~30</distRange>
			</li>
		</subSounds>
	</SoundDef>
</Defs>